INSERT INTO `tests`.`users` (`id`, `accepted`, `IS_ADMIN`, `email`, `firstName`, `lastName`, `password`) VALUES (9, 1, 0, 'j.gosling@java.xyz', 'James', 'Gosling', 'd74ff0ee8da3b9806b18c877dbf29bbde50b5bd8e4dad7a3a725000feb82e8f1');

INSERT INTO `tests`.`teacher` (`id`) VALUES (9);

INSERT INTO `tests`.`course` (`id`, `name`, `COURSE_TIME`) VALUES (9, 'Software development', now());

INSERT INTO `tests`.`teacher_course` (`teachers_id`, `courses_id`) VALUES (9, 9);

INSERT INTO `tests`.`test` (`id`, `active`, `duration`, `name`, `COURSE_ID`, `teacher_id`) VALUES (9, 1, 60, 'Design Patterns', 9, 9);

INSERT INTO `tests`.`test` (`id`, `active`, `duration`, `name`, `COURSE_ID`, `teacher_id`) VALUES (10, 0, 45, 'Object-oriented paradigms', 9, 9);

INSERT INTO `users` (`id`,`accepted`,`IS_ADMIN`,`email`,`firstName`,`lastName`,`password`) VALUES (20,1,0,"malesuada.fames.ac@gravida.co.uk","Abra","Hernandez","RYB25GMZ8XI"),(21,1,0,"tempor.arcu@nonfeugiatnec.net","Martena","Cohen","SQM09KKO4NM"),(22,1,0,"iaculis.odio@Suspendissealiquet.co.uk","Dahlia","Mckinney","VEM77YVR8NL"),(23,1,0,"luctus.vulputate@Proineget.ca","Wanda","Houston","AKX73VHA5KK"),(24,1,0,"malesuada@diam.org","Travis","Mays","YZI50DHG9ZE"),(25,1,0,"felis.Nulla.tempor@quis.edu","Vincent","Alvarez","YXI01CDY7AG"),(26,1,0,"lobortis.ultrices.Vivamus@adipiscing.co.uk","Rana","Moses","RTP23TMX8EZ"),(27,1,0,"ligula@fringilla.ca","Nola","Alexander","YIY51WSR1PN"),(28,1,0,"Proin.nisl@sollicitudincommodoipsum.edu","Odysseus","Peterson","GYK05GWS3VE"),(29,1,0,"sit.amet@vitae.co.uk","Oscar","Roman","XPC76EEJ8TW"),(30,1,0,"turpis.Aliquam@scelerisque.co.uk","Illiana","Mcknight","ZWV00LMZ7CP"),(31,1,0,"sed.facilisis.vitae@orcisemeget.co.uk","Sophia","Gibson","WIT13DIO3UW"),(32,1,0,"ornare.facilisis@porttitor.co.uk","Nyssa","Baldwin","CEE59JRD5PI"),(33,1,0,"ligula.eu.enim@lobortis.org","Maile","Small","QAM16FWW8TT"),(34,1,0,"pharetra@perconubia.co.uk","Clark","Maddox","IIJ54WTP6FP"),(35,1,0,"dictum.eu.placerat@egestasDuisac.edu","Helen","Diaz","UKP76LEM0IX"),(36,1,0,"Nam@neceuismodin.org","Gannon","Weiss","DBV72EOK4PL"),(37,1,0,"lorem.luctus.ut@antebibendum.ca","Chaim","Anthony","LBB83NRE9NB"),(38,1,0,"aptent@necmollis.ca","Harper","Wade","KWD01JKT7NF"),(39,1,0,"amet.risus@a.edu","Orla","Douglas","GHH33TFU4SZ"),(40,1,0,"ipsum@nisl.com","Dylan","English","DZG95IDA0LX"),(41,1,0,"eu.odio@elementumdui.com","Jacqueline","Mclaughlin","CTM75NQF9VK"),(42,1,0,"Sed.eu@dolor.org","Quinn","Garza","RID07YDK0IR"),(43,1,0,"amet.lorem.semper@nonnisi.ca","Aladdin","Green","XVM56WTV5SC"),(44,1,0,"pellentesque@Morbi.org","Claudia","Velasquez","XWQ97CFD5DG"),(45,1,0,"felis.orci.adipiscing@consequatdolor.edu","Kerry","Frye","JHY22LVZ7JU"),(46,1,0,"lacus.Ut.nec@lacusCras.co.uk","Brendan","Giles","YQW30SPZ2LK"),(47,1,0,"nisl.Nulla.eu@molestiepharetra.co.uk","Anika","Ryan","FFY98EWE0UE"),(48,1,0,"sodales.at@pharetra.edu","Omar","Castillo","MCO44LJK3ZP"),(49,1,0,"risus.Donec.egestas@fringillamilacinia.net","Theodore","Rosario","ASX93AYZ5SX");
INSERT INTO `users` (`id`,`accepted`,`IS_ADMIN`,`email`,`firstName`,`lastName`,`password`) VALUES (50,1,0,"egestas.Aliquam.fringilla@vellectusCum.ca","Melodie","Maxwell","HVV36LYK6HA"),(51,1,0,"nisl@blanditenim.net","Carson","Riggs","KVF68RPG4UB"),(52,1,0,"Donec.tempus@quamCurabiturvel.com","Aaron","Casey","DNA63XVB2KL"),(53,1,0,"Donec.at@bibendumDonecfelis.edu","Martena","Marshall","YQB52ASI0BX"),(54,1,0,"et.ipsum.cursus@Ut.co.uk","Driscoll","Palmer","DNX15FKX4SQ"),(55,1,0,"magna@elitNullafacilisi.net","Elliott","Castro","COE51VKK3CK"),(56,1,0,"id.enim.Curabitur@etcommodoat.com","Henry","Blackburn","ZIO41TLM7ET"),(57,1,0,"at.risus.Nunc@risusNunc.co.uk","Anjolie","Copeland","AEC83SUA5PK"),(58,1,0,"arcu@purus.ca","Jackson","Mercer","VWQ32SXH7FE"),(59,1,0,"augue.eu@neque.com","Cailin","Keller","FIO87RIW6SD"),(60,1,0,"sem.magna@Quisqueac.org","Tyler","Glover","DYW31SFW7DM"),(61,1,0,"montes@ipsumporta.edu","Fay","Gross","ZES94TKI5EM"),(62,1,0,"Nunc@consectetueripsumnunc.org","Zeus","Estrada","TGP43HBR8WU"),(63,1,0,"pulvinar.arcu@nislarcuiaculis.ca","Clare","Zamora","MDU13MTX3MA"),(64,1,0,"bibendum.sed.est@volutpatNulla.co.uk","Jermaine","Marshall","BWJ87BQT4UI"),(65,1,0,"libero.Proin.mi@neceuismod.ca","Xantha","Sosa","RBM78CQH2OM"),(66,1,0,"eleifend.nunc@nonummy.com","Phillip","Silva","GJT92HCN2ZL"),(67,1,0,"Nunc@milorem.net","Emerald","Marquez","XMG16LOT1QR"),(68,1,0,"Donec.tempus@enim.co.uk","Kessie","Knox","CTW68NDG1YS"),(69,1,0,"augue@magna.com","Sarah","Garrett","UTA33QQK1IO"),(70,1,0,"faucibus.orci@Vivamus.net","Gretchen","Sanders","FLU35QIL2HC"),(71,1,0,"mi.ac.mattis@Suspendissetristique.ca","Imani","Little","CXA41WXJ7PR"),(72,1,0,"arcu@duinectempus.org","Leslie","Bridges","QGQ16SFN6WF"),(73,1,0,"odio@Crasdolordolor.net","Evangeline","Sweet","MQW66RKR4EM"),(74,1,0,"amet@Curabitur.co.uk","Rafael","Hobbs","FQQ63VAB0CZ"),(75,1,0,"nec.mollis@necleoMorbi.co.uk","India","Hurst","OHO32PEC2TV"),(76,1,0,"ullamcorper.magna.Sed@apurusDuis.ca","Chancellor","Cochran","EMQ37DDI7NO"),(77,1,0,"amet.faucibus.ut@Nullamfeugiatplacerat.net","Amber","Palmer","FOC36XEB8IW"),(78,1,0,"blandit.at.nisi@egestashendrerit.ca","Burton","Duffy","WKV86YGX2OR"),(79,1,0,"mollis.dui@primisinfaucibus.net","Pandora","Mueller","OEL17ADX5ML");
INSERT INTO `users` (`id`,`accepted`,`IS_ADMIN`,`email`,`firstName`,`lastName`,`password`) VALUES (80,1,0,"lorem.tristique.aliquet@sitamet.edu","Russell","Day","WBJ91YAX4WY"),(81,1,0,"Donec@Duis.net","Mercedes","Burch","PFN24ZRU9OZ"),(82,1,0,"fames@semconsequat.co.uk","Ezra","Nicholson","EHS36JKM7BC"),(83,1,0,"dictum.ultricies.ligula@ametrisus.net","Kessie","Mcdonald","FTA54AZV4BE"),(84,1,0,"varius.Nam@vulputatevelit.com","Driscoll","Daniels","VEM65EQU6AO"),(85,1,0,"eros.Nam@pretium.net","Dana","Hess","WJZ71UQH7DD"),(86,1,0,"dolor@nec.org","Yolanda","Kirby","GTG30JMO7JD"),(87,1,0,"non.vestibulum@sitametnulla.com","Glenna","Gonzales","JPE21GBX7GZ"),(88,1,0,"vitae@elit.edu","Avram","Raymond","QUI49QAR0NY"),(89,1,0,"per@sit.net","Raphael","Bradley","OPV31HRT5JJ"),(90,1,0,"Nunc@Vivamusnibhdolor.ca","Nina","Wheeler","WUX73WCT0XW"),(91,1,0,"eu@libero.org","Alma","Robbins","PPF09DAO4BQ"),(92,1,0,"augue.ut@aliquetProin.co.uk","Leo","Jennings","YGK34VNR4LQ"),(93,1,0,"dictum.Phasellus.in@et.com","Serena","Stone","HPV18LOS7RQ"),(94,1,0,"enim.commodo.hendrerit@nequeInornare.com","Nichole","Morrow","LXA12JIR5NH"),(95,1,0,"Sed.eu@ultricesiaculisodio.co.uk","Amy","Paul","ZVL96ZFY9RY"),(96,1,0,"ridiculus@necanteblandit.ca","Tanner","Acosta","QMB18UDB0SL"),(97,1,0,"amet.luctus.vulputate@consectetuerrhoncusNullam.com","Arsenio","Andrews","UJV47BJO7OR"),(98,1,0,"ac.facilisis.facilisis@hendreritneque.co.uk","Cedric","Nielsen","IZF26KYH7QJ"),(99,1,0,"Quisque.ornare.tortor@nunc.net","Rajah","Powers","HHI21LUI6EI"),(100,1,0,"sodales.nisi@magnaNam.net","Stone","Savage","NDU12TDI2BS"),(101,1,0,"tempus@Quisque.org","Alexis","Petersen","RQL56WTR6CB"),(102,1,0,"non.hendrerit.id@Phaselluselitpede.ca","Ivor","Jones","UQT54SWW0IS"),(103,1,0,"non.hendrerit@luctusvulputate.co.uk","Xyla","Pollard","JOY82EKO0GZ"),(104,1,0,"volutpat.Nulla@blanditviverra.net","Ashely","Schmidt","RVB84PRY9DN"),(105,1,0,"adipiscing.lobortis@luctus.edu","Arsenio","Byers","CDB82YUO1WW"),(106,1,0,"malesuada.fames@idnuncinterdum.edu","Lacota","Martinez","EPZ46VRE1AJ"),(107,1,0,"Quisque.imperdiet.erat@amet.edu","Allistair","Kirby","LGC44JRS4PR"),(108,1,0,"Sed.dictum@estmaurisrhoncus.com","Derek","Ortiz","PQL71LIE3VS"),(109,1,0,"sit.amet.metus@semper.com","Macy","Blankenship","WHK19NIC3TJ");
INSERT INTO `users` (`id`,`accepted`,`IS_ADMIN`,`email`,`firstName`,`lastName`,`password`) VALUES (110,1,0,"vitae.odio@magnaSuspendisse.co.uk","Plato","Nichols","XZR83TTM6EV"),(111,1,0,"a.nunc.In@montesnascetur.ca","Thaddeus","Mathis","ZVJ86VDE9GE"),(112,1,0,"dui@pede.net","Claire","Calderon","XVJ45TLE8RW"),(113,1,0,"tincidunt.orci@Namligulaelit.net","Darryl","Tyler","MCI75CFV3PC"),(114,1,0,"Vivamus.nisi@Nullam.org","Cruz","Cannon","ZRM15AIT1BD"),(115,1,0,"est@eget.edu","Belle","Griffin","OBT01NHZ7DW"),(116,1,0,"consectetuer.rhoncus.Nullam@sitametdiam.ca","Kelsie","Wright","MJL26TWW1RJ"),(117,1,0,"blandit@arcuVestibulum.org","Zephania","Conway","XEO47LBX5KU"),(118,1,0,"mattis.Cras@lobortis.co.uk","Kylynn","Parker","BJF03YBO3SO"),(119,1,0,"eu.elit.Nulla@Fusce.ca","Ruby","Price","FYX48PDS9AA");


INSERT INTO `student` (`id`) VALUES (20),(21),(22),(23),(24),(25),(26),(27),(28),(29),(30),(31),(32),(33),(34),(35),(36),(37),(38),(39),(40),(41),(42),(43),(44),(45),(46),(47),(48),(49);
INSERT INTO `student` (`id`) VALUES (50),(51),(52),(53),(54),(55),(56),(57),(58),(59),(60),(61),(62),(63),(64),(65),(66),(67),(68),(69),(70),(71),(72),(73),(74),(75),(76),(77),(78),(79);
INSERT INTO `student` (`id`) VALUES (80),(81),(82),(83),(84),(85),(86),(87),(88),(89),(90),(91),(92),(93),(94),(95),(96),(97),(98),(99),(100),(101),(102),(103),(104),(105),(106),(107),(108),(109);
INSERT INTO `student` (`id`) VALUES (110),(111),(112),(113),(114),(115),(116),(117),(118),(119);

INSERT INTO `student_course` (`students_id`,`courses_id`) VALUES (20,9),(21,9),(22,9),(23,9),(24,9),(25,9),(26,9),(27,9),(28,9),(29,9),(30,9),(31,9),(32,9),(33,9),(34,9),(35,9),(36,9),(37,9),(38,9),(39,9),(40,9),(41,9),(42,9),(43,9),(44,9),(45,9),(46,9),(47,9),(48,9),(49,9);
INSERT INTO `student_course` (`students_id`,`courses_id`) VALUES (50,9),(51,9),(52,9),(53,9),(54,9),(55,9),(56,9),(57,9),(58,9),(59,9),(60,9),(61,9),(62,9),(63,9),(64,9),(65,9),(66,9),(67,9),(68,9),(69,9),(70,9),(71,9),(72,9),(73,9),(74,9),(75,9),(76,9),(77,9),(78,9),(79,9);
INSERT INTO `student_course` (`students_id`,`courses_id`) VALUES (80,9),(81,9),(82,9),(83,9),(84,9),(85,9),(86,9),(87,9),(88,9),(89,9),(90,9),(91,9),(92,9),(93,9),(94,9),(95,9),(96,9),(97,9),(98,9),(99,9),(100,9),(101,9),(102,9),(103,9),(104,9),(105,9),(106,9),(107,9),(108,9),(109,9);
INSERT INTO `student_course` (`students_id`,`courses_id`) VALUES (110,9),(111,9),(112,9),(113,9),(114,9),(115,9),(116,9),(117,9),(118,9),(119,9);

INSERT INTO `filledtest` (`id`,`ready`,`COURSE_ID`,`STUDENT_ID`,`test_id`) VALUES (20,0,9,20,9),(21,1,9,21,9),(22,1,9,22,9),(23,1,9,23,9),(24,0,9,24,9),(25,0,9,25,9),(26,0,9,26,9),(27,0,9,27,9),(28,0,9,28,9),(29,0,9,29,9),(30,0,9,30,9),(31,1,9,31,9),(32,1,9,32,9),(33,1,9,33,9),(34,1,9,34,9),(35,1,9,35,9),(36,1,9,36,9),(37,1,9,37,9),(38,0,9,38,9),(39,0,9,39,9),(40,0,9,40,9),(41,1,9,41,9),(42,1,9,42,9),(43,1,9,43,9),(44,0,9,44,9),(45,1,9,45,9),(46,0,9,46,9),(47,1,9,47,9),(48,0,9,48,9),(49,1,9,49,9);
INSERT INTO `filledtest` (`id`,`ready`,`COURSE_ID`,`STUDENT_ID`,`test_id`) VALUES (50,1,9,50,9),(51,1,9,51,9),(52,1,9,52,9),(53,1,9,53,9),(54,1,9,54,9),(55,1,9,55,9),(56,0,9,56,9),(57,1,9,57,9),(58,1,9,58,9),(59,1,9,59,9),(60,1,9,60,9),(61,1,9,61,9),(62,0,9,62,9),(63,1,9,63,9),(64,0,9,64,9),(65,1,9,65,9),(66,1,9,66,9),(67,1,9,67,9),(68,0,9,68,9),(69,0,9,69,9),(70,0,9,70,9),(71,1,9,71,9),(72,0,9,72,9),(73,1,9,73,9),(74,0,9,74,9),(75,1,9,75,9),(76,1,9,76,9),(77,0,9,77,9),(78,0,9,78,9),(79,1,9,79,9);